{
  "key_value_pairs": {
    "Pressure Base:": "14.65 (D)",
    "BA #:": "133053",
    "Contract Type:": "POP - Fixed Recovery",
    "Production Date:": "Dec 1, 2023",
    "Run Date:": "Jan 22, 2024 2:43:25 PM",
    "Asset Name:": "Silver Oak II",
    "Operator:": "TRINITY OPERATING (USG), LLC",
    "Meter #:": "GTH249DEL",
    "Contract:": "056228",
    "Function:": "0",
    "Total Producer Payment:": "$2,530,426.46",
    "Attention:": "",
    "Accounting Date:": "Dec 1, 2023",
    "Meter Name:": "Ctr 056228 Meter Total",
    "Operator #:": "189600309",
    "Meter Split:": "100.00",
    "Gas Buyer:": "",
    "For Questions Contact:": "",
    "Total": "5.009 100.00",
    "Wellhead BTU": "1,202.39",
    "Volumes": "",
    "601": "TRAVIS STREET SUITE 1900",
    "TPL SouthTex": "Processing CO LP",
    "Cade Jackson @": "210-482-9288",
    "or": "cjackson@targaresources.com"
  },
  "tables": [
    [
      [
        "Description",
        "Settle Unit",
        "Theoretical Gallons",
        "Fixed Recovery %",
        "Allocated Quantity",
        "Producer %",
        "Settle Quantity",
        "Price",
        "Value"
      ],
      [
        "Ethane",
        "gal",
        "2,500,493.35",
        "75.00%",
        "1,875,370.01",
        "100.00%",
        "1,875,370.01",
        "$0.069717",
        "$130,746.09"
      ],
      [
        "Propane",
        "gal",
        "1,213,815.49",
        "94.00%",
        "1,140,986.57",
        "100.00%",
        "1,140,986.57",
        "$0.574624",
        "$655,638.82"
      ],
      [
        "Isobutane",
        "gal",
        "194,780.50",
        "97.00%",
        "188,937.09",
        "100.00%",
        "188,937.09",
        "$1.003561",
        "$189,609.98"
      ],
      [
        "N Butane",
        "gal",
        "471,269.03",
        "97.00%",
        "457,130.96",
        "100.00%",
        "457,130.96",
        "$0.939154",
        "$429,316.59"
      ],
      [
        "N Gasoline",
        "gal",
        "623,844.29",
        "97.00%",
        "605,128.96",
        "100.00%",
        "605,128.96",
        "$1.307249",
        "$791,054.53"
      ],
      [
        "Total",
        "",
        "5,004,202.67",
        "",
        "4,267,553.59",
        "",
        "4,267,553.59",
        "",
        "$2,196,366.01"
      ]
    ],
    [
      [
        "",
        "Mcf",
        "MMBtu"
      ],
      [
        "Gross Wellhead",
        "1,567,730.33",
        "1,885,025.47"
      ],
      [
        "Gas Lift",
        "482,446.35",
        "596,895.74"
      ],
      [
        "Field Condensate",
        "0.00",
        "0.00"
      ],
      [
        "Field Fuel",
        "86,225.17",
        "103,676.40"
      ],
      [
        "CO2 Fuel",
        "0.00",
        "0.00"
      ],
      [
        "Net Delivered",
        "999,058.81",
        "1,184,453.33"
      ],
      [
        "Plant Fuel",
        "47,455.29",
        "56,261.53"
      ],
      [
        "Shrink",
        "148,358.42",
        "363,387.91"
      ],
      [
        "Plant Condensate",
        "0.00",
        "0.00"
      ],
      [
        "Residue Production",
        "803,245.10",
        "764,803.89"
      ],
      [
        "Residue Sale",
        "803,245.10",
        "764,803.89"
      ],
      [
        "Wellhead BTU",
        "",
        ""
      ],
      [
        "1,202.39",
        "",
        ""
      ]
    ],
    [
      [
        "",
        "GPM",
        "Mol"
      ],
      [
        "c1",
        "0.0000",
        "79.2520"
      ],
      [
        "co2",
        "0.0000",
        "1.7688"
      ],
      [
        "h2s",
        "0.0000",
        "0.3203"
      ],
      [
        "c2",
        "2.5028",
        "9.3789"
      ],
      [
        "c3",
        "1.2150",
        "4.4195"
      ],
      [
        "ic4",
        "0.1950",
        "0.5970"
      ],
      [
        "nc4",
        "0.4717",
        "1.4995"
      ],
      [
        "ic5",
        "0.1394",
        "0.3819"
      ],
      [
        "nc5",
        "0.1621",
        "0.4481"
      ],
      [
        "c6",
        "0.3230",
        "0.7640"
      ],
      [
        "nit",
        "0.0000",
        "1.1685"
      ],
      [
        "oxy",
        "0.0000",
        "0.0015"
      ],
      [
        "Total",
        "5.009",
        "100.00"
      ]
    ],
    [
      [
        "Description",
        "Settle Unit",
        "Allocated Quantity",
        "Producer %",
        "Settle Quantity",
        "Price",
        "Value"
      ],
      [
        "Residue",
        "mmbtu",
        "764,803.89",
        "100.00%",
        "764,803.89",
        "$2.490000",
        "$1,904,361.69"
      ],
      [
        "Total",
        "",
        "764,803.89",
        "",
        "764,803.89",
        "",
        "$1,904,361.69"
      ],
      [
        "",
        "",
        "",
        "",
        "",
        "",
        ""
      ]
    ],
    [
      [
        "Description",
        "Fee Unit",
        "Fee Quantity",
        "Fee Rate",
        "Fee Value"
      ],
      [
        "Compression",
        "mcf",
        "1,567,730.33",
        "0.240390",
        "$376,866.96"
      ],
      [
        "Gas Lift",
        "mcf",
        "482,446.35",
        "0.228943",
        "$110,452.72"
      ],
      [
        "Gathering",
        "mcf",
        "1,567,730.33",
        "0.228943",
        "$358,920.92"
      ],
      [
        "Processing",
        "mmbtu",
        "1,184,453.33",
        "0.389203",
        "$460,992.95"
      ],
      [
        "Residue Redelivery",
        "mmbtu",
        "764,803.89",
        "0.085854",
        "$65,661.19"
      ],
      [
        "Treating",
        "mcf",
        "1,567,730.33",
        "0.125919",
        "$197,406.50"
      ],
      [
        "Total",
        "",
        "",
        "",
        "$1,570,301.24"
      ]
    ]
  ]
}