{
  "key_value_pairs": {
    "Plant Products": "",
    "Pressure Base:": "14.65 (D)",
    "BA #:": "133053",
    "Contract Type:": "POP - Fixed Recovery",
    "Production Date:": "Dec 1, 2023",
    "For Questions Contact:": "1-877-672-1449 or TMS_CSR@TARGARESOURCES.COM",
    "Run Date:": "Jan 22, 2024 2:43:25 PM",
    "Asset Name:": "Silver Oak II",
    "Operator:": "CRIMSON ENERGY PARTNERS IV, LLC",
    "Meter #:": "GTH251DEL",
    "Contract:": "056664",
    "Function:": "0",
    "Total Producer Payment:": "$147,871.14",
    "Attention:": "",
    "Accounting Date:": "Dec 1, 2023",
    "Meter Name:": "Ctr 056229 Meter Total",
    "Operator #:": "189600263",
    "Meter Split:": "100.00",
    "Gas Buyer:": "",
    "Cade Jackson @": "210-482-9288",
    "Total": "93,304.93 93,304.93 $0.00",
    "TMS-CSR @": "",
    "USG": "PROPERTIES AUSTIN CHALK I, LLC",
    "TPL SouthTex": "Processing CO LP",
    "or": "cjackson@targaresources.com"
  },
  "tables": [
    [
      [
        "Description",
        "Settle Unit",
        "Theoretical Gallons",
        "Fixed Recovery %",
        "Allocated Quantity",
        "Producer %",
        "Settle Quantity",
        "Price",
        "Value"
      ],
      [
        "Ethane",
        "gal",
        "373,630.01",
        "78.00%",
        "291,431.41",
        "100.00%",
        "291,431.41",
        "$0.079219",
        "$23,087.04"
      ],
      [
        "Propane",
        "gal",
        "176,602.99",
        "94.00%",
        "166,006.81",
        "100.00%",
        "166,006.81",
        "$0.584126",
        "$96,968.98"
      ],
      [
        "Isobutane",
        "gal",
        "26,211.84",
        "97.00%",
        "25,425.48",
        "100.00%",
        "25,425.48",
        "$1.013063",
        "$25,757.63"
      ],
      [
        "N Butane",
        "gal",
        "63,714.78",
        "97.00%",
        "61,803.34",
        "100.00%",
        "61,803.34",
        "$0.948656",
        "$58,630.14"
      ],
      [
        "N Gasoline",
        "gal",
        "78,011.43",
        "97.00%",
        "75,671.09",
        "100.00%",
        "75,671.09",
        "$1.316751",
        "$99,640.02"
      ],
      [
        "Total",
        "",
        "718,171.06",
        "",
        "620,338.14",
        "",
        "620,338.14",
        "",
        "$304,083.81"
      ]
    ],
    [
      [
        "",
        "Mcf",
        "MMBtu"
      ],
      [
        "Gross Wellhead",
        "151,599.48",
        "190,678.45"
      ],
      [
        "Gas Lift",
        "27,454.14",
        "27,625.56"
      ],
      [
        "Field Condensate",
        "0.00",
        "0.00"
      ],
      [
        "Field Fuel",
        "8,337.97",
        "10,487.31"
      ],
      [
        "Net Delivered",
        "115,807.37",
        "152,565.58"
      ],
      [
        "Plant Fuel",
        "5,500.85",
        "7,246.86"
      ],
      [
        "Shrink",
        "21,747.43",
        "52,013.78"
      ],
      [
        "Plant Condensate",
        "0.00",
        "0.00"
      ],
      [
        "Residue Production",
        "88,559.09",
        "93,304.93"
      ],
      [
        "Residue Sale",
        "88,559.09",
        "93,304.93"
      ],
      [
        "Wellhead BTU",
        "",
        ""
      ],
      [
        "1,257.78",
        "",
        ""
      ]
    ],
    [
      [
        "",
        "GPM",
        "Mol"
      ],
      [
        "c1",
        "0.0000",
        "76.1531"
      ],
      [
        "co2",
        "0.0000",
        "1.3057"
      ],
      [
        "h2s",
        "0.0000",
        "0.1005"
      ],
      [
        "c2",
        "3.2263",
        "12.0847"
      ],
      [
        "c3",
        "1.5250",
        "5.5447"
      ],
      [
        "ic4",
        "0.2263",
        "0.6928"
      ],
      [
        "nc4",
        "0.5502",
        "1.7481"
      ],
      [
        "ic5",
        "0.1624",
        "0.4449"
      ],
      [
        "nc5",
        "0.1916",
        "0.5295"
      ],
      [
        "c6",
        "0.3196",
        "0.7453"
      ],
      [
        "nit",
        "0.0000",
        "0.6508"
      ],
      [
        "Total",
        "6.201",
        "100.00"
      ]
    ],
    [
      [
        "Description",
        "Settle Unit",
        "Allocated Quantity",
        "Producer %",
        "Settle Quantity",
        "Price",
        "Value"
      ],
      [
        "Residue (TIK)",
        "mmbtu",
        "93,304.93",
        "100.00%",
        "93,304.93",
        "",
        "$0.00"
      ],
      [
        "Total",
        "",
        "93,304.93",
        "",
        "93,304.93",
        "",
        "$0.00"
      ],
      [
        "",
        "",
        "",
        "",
        "",
        "",
        ""
      ]
    ],
    [
      [
        "Description",
        "Fee Unit",
        "Fee Quantity",
        "Fee Rate",
        "Fee Value"
      ],
      [
        "Administrative Fee",
        "decimal",
        "1.00",
        "0.00",
        "$0.00"
      ],
      [
        "Compression",
        "mcf",
        "151,599.48",
        "0.180923",
        "$27,427.90"
      ],
      [
        "Gas Lift",
        "mcf",
        "27,454.14",
        "0.305308",
        "$8,381.98"
      ],
      [
        "Gathering",
        "mcf",
        "151,599.48",
        "0.226154",
        "$34,284.88"
      ],
      [
        "Processing",
        "mmbtu",
        "152,565.58",
        "0.282693",
        "$43,129.21"
      ],
      [
        "Residue Redelivery",
        "mmbtu",
        "93,304.93",
        "0.056539",
        "$5,275.33"
      ],
      [
        "Treating",
        "mcf",
        "151,599.48",
        "0.248770",
        "$37,713.37"
      ],
      [
        "Total",
        "",
        "",
        "",
        "$156,212.67"
      ]
    ]
  ]
}