{
  "Statement": {
    "BA #": "133053",
    "Operator #": "TRINITY OPERATING (USG), LLC",
    "Production Date": "Dec 1, 2023",
    "Function": 0,
    "Operator": "TRINITY OPERATING (USG), LLC",
    "Pressure Base": "14.65 (D)",
    "Contract": "POP - Fixed Recovery",
    "Meter Split": 1.0,
    "Contract Type": "POP - Fixed Recovery"
  },
  "Physical Information": {},
  "Analysis": {},
  "Fees": {},
  "Settlement Information": {},
  "Contact Information": {
    "For Questions Contact": ""
  }
}