{
  "Statement": {
    "BA #": "string",
    "Operator #": "string",
    "Production Date": "date",
    "Function": "int",
    "Operator": "string",
    "Pressure Base": "string",
    "Asset Name": "string",
    "Plant BTU Factor": "float",
    "Meter #": "string",
    "Meter Name": "string",
    "Contract": "string",
    "Meter Split": "float_percentage",
    "Contract Type": "string",
    "Run Date": "datetime"
  },
  "Physical Information": {
    "Volumes": {
      "TableName": "Volumes",
      "ColumnNames": ["Description", "Mcf", "MMBtu"],
      "Rows": [
        "Gross Wellhead",
        "Gas Lift",
        "Field Condensate",
        "Field Fuel",
        "CO2 Fuel",
        "Net Delivered",
        "Plant Fuel",
        "Shrink",
        "Plant Condensate",
        "Residue Production",
        "Residue Sale"
      ]
    },
    "Wellhead BTU": "float"
  },
  "Analysis": {
    "TableName": "Analysis",
    "ColumnNames": ["Component", "GPM", "Mol"],
    "Components": [
      "c1", "co2", "h2s", "c2", "c3", "ic4", "nc4", "ic5", "nc5", "c6", "nit", "oxy", "Total"
    ]
  },
  "Fees": {
    "TableName": "Fees",
    "ColumnNames": ["Description", "Fee Unit", "Fee Quantity", "Fee Rate", "Fee Value"],
    "ExtractCell": [
      {"Row": "Total", "Column": "Fee Value", "customKey": "TotalFees"}
    ]
  },
  "Settlement Information": {
    "Plant Products": {
      "TableName": "Plant Products",
      "ColumnNames": ["Description", "Settle Unit", "Theoretical Gallons", "Fixed Recovery %", "Allocated Quantity", "Producer %", "Settle Quantity", "Price", "Value"],
      "ExtractCell": [
        {"Row": "Total", "Column": "Value", "customKey": "TotalPlantProductsValue"}
      ]
    },
    "Residue Gas": {
      "TableName": "Residue Gas",
      "ColumnNames": ["Description", "Settle Unit", "Allocated Quantity", "Producer %", "Settle Quantity", "Price", "Value"],
      "ExtractCell": [
        {"Row": "Total", "Column": "Value", "customKey": "TotalResidueGasValue"}
      ]
    }
  },
  "Total Producer Payment": "float_dollar",
  "Contact Information": {
    "For Questions Contact": "string",
    "Gas Buyer": "string"
  }
}